Station,latitude,Longitude,Depth,Distance,Zone,Porosity,Carbon,TOC,Rubble,Sand,Silt,Clay,Mud,TPH,PAH44,Al,Sb,As,Ba,Be,Cd,Cr,Co,Cu,Fe,Pb,Mn,Hg,Ni,Ag,Ti,V,S,N,d,J',H'(loge),1-Lambda',Hill,Jenks(N1),Mei_R,Mei_nm2,Mei_ln_nm2,NC,Mei_H,Mei_N1,Mei_J
0,28.7846,-88.4537,1367,2.001026324,Impact,69.55,1.99,1.45,0.5,1.5,17.8,80.5,98.3,74,9.775,33800,1.51,21.6,1460,1.72,0.109,39.4,12.3,24.7,30700,28.9,22900,0.0883,45.1,0.043,0.754,84,8,370,1.183731537,0.512017154,1.06470974,0.580370615,2.89999711,1,6,4105459,15.22782835,6.100219459,0.439444121,1.551844341,0.245258434
1.01,28.739144,-88.468292,734.95,9.993076949,Non-Impact,68.8,2.36,1.74,0.5,1.4,38.5,60,98.5,12,6.266666667,35300,1.19,11.6,299,1.66,0.222,40.3,11.9,26.1,32100,30.2,8540,0.0528,40,0.117,0.58,87.3,10,234,1.649765396,0.47654983,1.097296535,0.459887752,2.996055334,2,6,5237680,15.4713894,12.28632939,0.320770267,1.378188929,0.179025295
1.02,28.74,-88.5706,1129,19.98616235,Non-Impact,70.5,2.77,1.87,0.5,2.3,36.7,61,97.7,13,16.11944444,37300,1.02,16.3,729,1.7,0.2,44.2,12.7,27.4,35200,36.2,4660,0.0487,39.5,0.0995,0.407,93.1,15,160,2.758526212,0.787557292,2.132744684,0.857468553,8.437994684,5,9,909565,13.72072284,5.173780488,0.703063023,2.019930335,0.319977771
1.03,28.7409,-88.6729,1025,29.99789696,Non-Impact,69.7,2.63,1.03,0.5,2.4,36.6,61,97.6,38,2.127777778,34100,0.579,15.1,578,1.7,0.165,40.1,12.2,23,32800,33.7,2790,0.0537,35.2,0.0946,0.419,83.3,10,185,1.724020412,0.705907601,1.625412318,0.744242068,5.080513393,3,11,3073412,14.93829923,5.585096596,0.54000545,1.716016214,0.225199764
2.21,28.784596,-88.453714,1367,9.993701257,Non-Impact,68,2.7,0.967,0.5,2.3,52.6,45,97.6,11,3.263888889,28900,0.88,14.5,284,1.56,0.42,35.9,10.4,21.1,27300,32.3,10800,0.0629,35.5,0.0852,0.734,77.5,10,151,1.793800683,0.357238535,0.822572126,0.322737307,2.276347365,1,12,6625808,15.70648304,13.81870229,0.330627129,1.391840718,0.133054145
2.22,28.831,-88.5415,956,19.9813045,Non-Impact,67.55,3.13,1.45,0.5,1.1,42.8,56,98.8,11,1.847222222,37400,0.478,11.5,383,1.81,0.395,44.5,10,25.6,33600,39,1260,0.0493,35.7,0.121,0.513,99,9,162,1.572451797,0.712444605,1.565400796,0.726094625,4.784592199,2,10,2122599,14.56815231,5.603471295,0.536422064,1.70987807,0.232965142
2.23,28.8773,-88.6294,630,29.48583986,Non-Impact,69.4,3.02,1.09,0.5,3.4,21.6,75,96.6,12,2.161111111,30500,0.38,11.6,445,1.51,0.182,37.1,8.67,19,27600,30.1,928,0.0272,26.5,0.0611,0.356,69.5,14,518,2.080008239,0.729574677,1.925389398,0.802887165,6.857818567,4,12,4968304,15.41858929,5.541128085,0.668094032,1.950516153,0.268860817
2.24,28.9236,-88.7173,408,39.97489418,Non-Impact,67.3,3.32,1.04,0.5,3.5,47.4,49,96.4,11,1.927777778,27400,0.224,8.41,699,1.32,0.195,35,7.26,17,26000,25.2,360,0.0532,23.4,0.0566,0.402,64.8,8,599,1.094560385,0.832303877,1.730727257,0.803055259,5.644757605,3,8,7444879,15.82303711,5.255202629,0.594113423,1.811424267,0.285708163
3.31,28.8231,-88.4004,976,9.994375247,Non-Impact,67.05,2.85,1.59,0.5,9.7,36.2,54,90.2,34,4.358333333,23900,0.507,13.5,323,1.66,0.264,28.6,8.03,16.5,22800,31.7,2110,0.0381,25.3,0.0879,0.437,58.1,9,214,1.490875095,0.47945121,1.053461983,0.48045281,2.867561402,1,8,2299798,14.64833229,2.140153755,0.748695451,2.114240088,0.360046405
3.32,28.908,-88.4348,854,20.69301082,Non-Impact,69.1,2.78,1.96,0.5,2.8,41.2,56,97.2,12,3.011111111,29600,0.44,11.5,482,1.65,0.401,35.9,8.36,19.1,26800,34.6,844,0.0418,27.4,0.0872,0.398,69.9,13,203,2.258523394,0.798410672,2.047882939,0.824025752,7.751473381,4,8,824122,13.62207507,3.574938575,0.736274221,2.088141051,0.354073056
3.33,28.993,-88.4693,710,29.95047803,Non-Impact,69.7,3.46,1.49,0.5,2.9,61,36,97,12,2.111111111,37500,0.326,12.6,787,1.58,0.236,48.2,10.9,24.5,33600,37.7,1660,0.0654,34.3,0.0849,0.424,85.5,9,181,1.538906332,0.853082225,1.87441323,0.831921424,6.516994023,4,6,2883165,14.87439955,62.43925234,0.136256669,1.145975992,0.076046295
4.44,28.828141,-88.359791,755,10.01227025,Non-Impact,69.55,3.76,2.74,0.5,4.6,45.4,50,95.4,71,6.819444444,28700,0.787,22.8,710,1.74,0.329,34.9,11.9,23.2,29600,44,5980,0.0461,37.6,0.0898,0.766,72.7,10,237,1.645921912,0.622681276,1.433776624,0.679718229,4.194510406,2,7,1428114,14.17186595,2.903755869,0.682350012,1.978521824,0.35065854
4.45,28.918182,-88.353596,755,19.98904301,Non-Impact,68.75,3.32,2.94,0.5,2.9,45.1,52,97.1,65,17.33055556,31800,0.332,11.2,420,1.21,0.205,38.2,11.1,23.5,30000,27.5,3480,0.0471,36.8,0.0875,0.414,76.9,7,96,1.314535997,0.842766153,1.63994721,0.790131579,5.15489738,3,12,2362512,14.67523644,12.20623501,0.385454824,1.47028289,0.155118432
4.46,29.0082,-88.3476,755,30.71105515,Non-Impact,71.05,4.01,2.6,0.5,3.2,45.7,51,96.7,13,3.269444444,27300,0.463,12.5,291,1.68,0.246,33.9,8.26,17.9,24800,33.3,1220,0.055,25.2,0.0933,0.397,63.6,9,235,1.465312702,0.870369317,1.912396854,0.821022004,6.769294379,4,11,3199682,14.9785623,6.855319149,0.533998507,1.7057391,0.222694674
4.47,29.0982,-88.3415,437,39.93098112,Non-Impact,68.9,4.2,2.48,0.5,3.7,44.3,52,96.3,11,1.9,23600,0.217,11.9,385,1.28,0.177,32,6.4,15.6,21000,25.9,567,0.0432,21.1,0.0414,0.326,52.6,8,118,1.467294644,0.752719977,1.565237189,0.746197306,4.78380947,2,6,2909261,14.88341,14.82669789,0.353996716,1.424750508,0.197569329
ALTNF001,28.734789,-88.370533,1552.651852,0.579589026,Impact,65.4,2.46,1.525,0.5,2.5,55.4,42,97.4,4595.310635,589.8887838,23500,0.788,18.9,7025,1.36,0.3055,31,12.15,22.55,25150,33.1,17550,0.0619,38.5,0.0769,0.5735,61.55,6,70,1.176887278,0.459385645,0.82310858,0.392546584,2.277568849,1,5,4049058,15.21399507,69.10218978,0.087969181,1.091954469,0.054658325
ALTNF015,28.70993,-88.366436,1607,3.129613543,Impact,71.7,2.81,1.45,0.5,3.2,37.7,59,96.7,1959.53266,342.4227027,34700,1.63,27.3,985,2,0.284,41.5,14,28.7,31000,36.1,30300,0.0921,52.3,0.0409,1.04,86.9,10,91,1.995185172,0.792732923,1.825335012,0.791697192,6.204873375,3,8,1883107,14.44843416,5.350144092,0.525154026,1.690719244,0.252545703
D002S,28.557089,-87.760689,2389,62.48941626,Non-Impact,71.3,3.73,1.28,0.5,2.8,,,97.2,25.98523,1.214864865,30700,0.842,8.7,255,1.06,0.387,35.9,14.1,35.5,24400,18.3,12300,0.0541,67.4,0.051,1,80.7,11,32,2.885390082,0.895985842,2.148480216,0.887096774,8.571821174,5,8,366183,12.81089122,3.806818182,0.662109496,1.938878079,0.318407362
D003S,28.12513,-88.07179,2286,73.80138882,Non-Impact,63.7,2.79,2.16,0.5,0.7,45.7,53.5,99.2,0.75684,1.337297297,31100,0.333,7.37,240,1.24,0.249,34.6,12.6,37.7,25500,22.1,5580,0.0984,53.9,0.0463,0.838,79.4,9,28,2.400813028,0.9123727,2.00468772,0.875661376,7.42377524,4,6,216343,12.28462501,1.673796791,0.800661105,2.22701273,0.446857471
D004S,28.580933,-87.885731,2309,50.07858037,Non-Impact,72.7,2.97,0.588,0.5,2.2,45.8,52,97.8,9.23175,1.371891892,30400,0.612,9.59,494,1.07,0.4,35.5,13.3,33.7,25000,19.4,11800,0.0217,66.3,0.0573,1.04,79,10,44,2.378316329,0.837320447,1.928001578,0.835095137,6.875755844,4,9,553904,13.22474847,3.012738854,0.777269556,2.175524002,0.35375062
D006S,28.34309,-88.139742,2127,49.06502271,Non-Impact,64.1,2.3,2,0.5,4.4,58.2,37.5,95.7,8.15575,1.752972973,32000,0.79,15.6,446,1.74,0.453,35.9,12.6,34.1,26600,32,6080,0.0791,53.2,0.0524,1.19,78.5,10,52,2.277763823,0.817057078,1.881343448,0.823529412,6.562315069,4,7,665864,13.40884223,2.673809524,0.722106679,2.058765803,0.371089425
D007S,28.086583,-88.516989,2051.8,73.71176534,Non-Impact,68.8,2.23,1.86,0.5,5.7,48.2,46,94.2,10.23324,1.892162162,9670,0.768,20.4,165,1.68,0.48,11.6,5.02,10.6,8710,31.7,2270,0.0693,18.8,0.106,1.47,25.2,10,65,2.156005042,0.880470813,2.027358969,0.858173077,7.594003854,4,7,590102,13.28805238,3.920577617,0.655567612,1.926235562,0.336895109
D008S,27.887417,-88.626806,1606.3,97.69133675,Non-Impact,71.9,2.49,1.92,0.5,6.5,22.5,71,93.5,5.47202,1.993783784,32100,0.41,17.4,571,1.58,0.399,36.2,12.3,33.3,27300,37,2660,0.081,43.9,0.154,1.09,79.9,13,61,2.919087376,0.771337616,1.978441922,0.829508197,7.231467012,4,10,485298,13.09252047,2.440993789,0.80486273,2.236389489,0.349547442
D009S,28.83316,-87.868325,1921,49.71998503,Non-Impact,73.4,2.95,0.977,0.5,5,,,95,0.00653,2.016756757,24200,0.219,10.3,563,0.937,0.354,29,10.4,23.9,21700,27.2,2350,0.0786,32.1,0.096,0.673,60,10,141,1.818637436,0.793735457,1.827643431,0.801519757,6.219213373,3,10,1807766,14.40760294,5.605304212,0.51614942,1.675563322,0.224160845
D010S,28.570086,-88.32335,1883.55,19.08851922,Non-Impact,74.7,2.67,1.91,0.5,2.8,,,97.2,30.50796,4.938918919,25700,0.19,10.1,626,1,0.295,29.3,9.28,22.2,22100,24.2,2570,0.0376,32,0.118,0.791,64.6,11,57,2.47337947,0.865217919,2.074701959,0.868421053,7.962173049,4,9,1485356,14.21116571,4.536231884,0.615825585,1.851184279,0.280274302
D012S,28.672442,-88.233931,1819,14.81834791,Non-Impact,73.9,2.625,1.595,0.5,3.1,,,96.9,22.34859,3.40527027,30250,0.2475,12.25,424,1.115,0.285,34.3,10.57,25.55,25900,25.45,3130,0.0564,37.8,0.106,1.08,75.25,11,114,2.111398014,0.860598955,2.063626166,0.837137091,7.874472243,4,9,1598578,14.28462567,3.105555556,0.699392806,2.012530341,0.318307384
D014S,28.565414,-88.448072,1759.94,20.75889826,Non-Impact,71.1,1.47,1.4,0.5,1.5,57,41.5,98.5,10.59843,1.983243243,31700,0.452,15,747,1.17,0.38,36.6,12.4,29.1,30200,27.6,6620,0.0936,45.4,0.122,1.02,78.3,10,91,1.995185172,0.8145099,1.875478354,0.817338217,6.523939126,4,7,1186096,13.98617864,3.285488959,0.701901326,2.017585151,0.360705928
D017S,28.473367,-88.478325,1711.75,31.33586104,Non-Impact,69.7,1.58,1.59,0.5,3.6,41.4,55,96.4,16.26278,3.033513514,31900,0.565,16.7,385,1.21,0.201,39.2,12.3,28.5,32200,26.4,10500,0.0669,41,0.0408,0.61,79.9,7,32,1.731234049,0.925350963,1.800649831,0.846774194,6.053579989,3,7,822439,13.62003081,4.289693593,0.63670259,1.890237704,0.327200406
D019S,28.672706,-88.368517,1656.18,7.258504997,Non-Impact,64.3,1.68,1.32,0.5,2,36.9,61,97.9,46.64677,5.237297297,30600,0.71,19.1,395,1.13,0.378,38.3,12.6,27.6,28800,26.5,19900,0.0733,47.9,0.04,1.02,79.3,10,148,1.801004141,0.812474254,1.870791105,0.793987865,6.493431354,4,8,1511031,14.22830342,3.263669502,0.668053329,1.950436764,0.321265741
D021S,28.703044,-88.360953,1617.64,3.922976126,Impact,73.5,1.66,0.83,0.5,1.9,48.1,50,98.1,59.7307,6.845675676,30900,0.709,17,1270,1.07,0.219,39.9,14.2,24.8,27500,21.3,23900,0.0296,46.8,0.0295,0.674,84.2,13,134,2.450059718,0.742484276,1.904434567,0.7863315,6.715609326,4,8,1763150,14.38261311,3.47826087,0.631244434,1.879948596,0.303564405
D024S,28.77457,-88.167545,1697,19.79785545,Non-Impact,73.6,1.9,1.81,0.5,1.7,48.8,49.5,98.3,47.07039,5.334594595,24600,0.457,16.6,357,1.23,0.379,32.1,12.9,24.4,24300,25,19800,0.055,46.8,0.0528,1.14,65.1,9,100,1.737177928,0.844762789,1.856133562,0.819393939,6.398947746,3,10,1476096,14.204912,3.644594595,0.636264268,1.889409352,0.276326061
D031S,28.731703,-88.358731,1507.92,1.007986186,Impact,73.5,1.78,0.497,0.5,6.8,72.2,21,93.2,3667.83997,800.2897297,33200,0.961,14.5,6550,0.997,0.314,42.4,15.4,27.7,28600,24.5,28700,0.0403,49,0.0504,0.742,96,8,39,1.910708943,0.767614629,1.596209747,0.742240216,4.934294713,2,5,1711379,14.35281062,45.52873563,0.134640765,1.1441257,0.083657011
D034S,28.73482,-88.362208,1543.74,0.523277971,Impact,71.1,1.42,1.03,0.5,1.6,46.4,52,98.4,898.05205,21.4372973,35600,0.869,14,3350,1.2,0.218,42.2,13,28.8,30300,25.9,14700,0.0405,43.7,0.043,0.658,92.1,5,19,1.358493088,0.84835145,1.365368986,0.730994152,3.917168166,2,5,204137,12.22655151,4.441860465,0.637053076,1.890900321,0.395823331
D038SW,28.740483,-88.368058,1509.23,0.326878517,Impact,65.4,4.23,0.744,0.5,4.6,47.4,48,95.4,1909.05333,409.8794595,31700,0.592,5.34,2860,1.16,0.268,37.1,11.7,30.9,26700,16.9,1270,0.0237,43.7,0.0832,0.411,77.3,5,29,1.187896817,0.428335294,0.689379061,0.31773399,1.992477943,1,3,860320,13.66506085,33,0.146591028,1.157880325,0.133432904
D040S,28.742303,-88.362169,1517.17,0.592120374,Impact,71.6,3.56,1.22,0.5,7.6,55.9,36.5,92.4,5023.00368,1181.208108,21000,0.936,8.54,12700,1.16,0.328,24.6,11.7,19,18200,23.9,2850,0.0249,26.8,0.0592,0.507,54.5,4,50,0.766866656,0.705564731,0.978120408,0.567346939,2.659452856,1,4,2237084,14.62068424,50.99019608,0.112279495,1.118825523,0.080992535
D042S,28.742525,-88.3705,1501.61,0.653849303,Impact,69.9,2.77,1.59,0.5,4.8,57.7,37.5,95.2,589.86517,467.9605405,28700,0.876,9.92,1890,1.11,0.325,35.8,11.7,29.2,24900,19.2,18500,0.0424,43.6,0.0644,0.74,80.2,7,87,1.343511743,0.387908723,0.75483552,0.328521786,2.127261604,1,3,2639043,14.78592729,16.91954023,0.247796792,1.281199556,0.22555436
D043S,28.989167,-87.934643,1492,50.44948337,Non-Impact,74.3,2.32,0.697,0.5,2.4,49.4,48,97.4,0.00572,1.172432432,24200,0.802,13,380,0.977,0.225,32.4,12.9,22.1,23100,19.9,20400,0.0611,43,0.0425,0.602,66.8,13,175,2.323426384,0.730357785,1.873330731,0.791264368,6.509943199,4,10,2321264,14.65762285,4.443995964,0.599247425,1.820748034,0.26024985
D044S,28.744919,-88.374242,1492.95,1.099916049,Impact,74.1,2,0.465,0.5,1.5,51,47.5,98.5,1358.11895,296,26100,0.788,10.7,1650,0.84,0.181,32.8,11.1,26,23000,16.3,19700,0.0167,38.4,0.0228,0.509,74.3,8,146,1.404605245,0.293378872,0.610064214,0.241284837,1.840549584,1,7,1760625,14.38117999,5.532283465,0.480598097,1.617041261,0.246978565
D046S,28.07535,-87.71479,1458,97.30206862,Non-Impact,70.4,3.14,1.0195,0.5,2.6,48.4,49,97.4,2.66358,1.692027027,28550,0.476,6.11,303,1.14,0.3865,34.45,11,26.15,26950,21.9,2720,0.04595,39.55,0.07665,0.3615,73.3,3,6,1.116221253,0.789690082,0.867563228,0.6,2.381101578,1,5,744993,13.52113144,46.10810811,0.195334426,1.215717486,0.121368103
D050S,28.79245,-88.348483,1432,6.255435849,Impact,70.85,2.005,2.445,0.5,2.1,40.9,57,97.9,161.828,27.36702703,24950,0.3835,12.05,287,1.185,0.29,30.7,11.55,23.9,27150,23.6,8570,0.0404,38.55,0.0542,0.4425,65.6,8,159,1.380969085,0.47828421,0.994564054,0.42950402,2.703545485,1,8,6658217,15.71136244,15.24251806,0.267108791,1.306182539,0.128452176
D053S,27.65117,-89.282008,1409.38,150.3318787,Non-Impact,63.8,2.99,1.54,0.5,11,33.9,55,88.9,2.59477,1.374594595,24100,0.281,11.8,624,0.918,0.425,28.1,11.1,28.5,23600,25.6,3020,0.121,36.8,0.186,0.607,66.7,10,47,2.33757272,0.832744049,1.917464034,0.831637373,6.803682669,4,9,632613,13.35761572,2.33640553,0.798540128,2.222294294,0.363431274
D055S,28.41571,-88.725594,1376,50.14767547,Non-Impact,66.4,1.38,1.13,0.5,1,44.1,55,99.1,46.43717,8.309459459,29400,0.602,21.8,379,1.39,0.196,37.6,11.4,20.5,29000,27,11500,0.0678,33.8,0.0749,0.533,75.4,9,217,1.487017219,0.558150898,1.22638287,0.54744837,3.408876858,2,7,2229928,14.6174803,5.903054449,0.51877024,1.679960431,0.266595167
D057S,28.549282,-88.677556,1364,36.96084736,Non-Impact,60.6,1.71,1.46,0.5,1.6,39.4,59,98.4,28,2.769444444,28600,1.85,37.8,265,1.49,0.692,33.8,10.1,21.5,32600,33.7,7720,0.0356,34.7,0.0954,1.48,78.1,8,158,1.382690094,0.359204708,0.746945191,0.298959929,2.110542854,1,7,3868913,15.16848441,13.04615385,0.29958937,1.349304629,0.153958481
D062S,28.265647,-88.923322,1303.41,75.6272688,Non-Impact,67.55,2.135,0.81,0.5,1.1,34.9,64,98.9,22.3873,3.737027027,30550,0.769,24.6,340.5,1.25,0.2125,38.75,14.9,25.55,33800,27,15900,0.0679,40.3,0.0394,0.5255,79.2,8,95,1.537151787,0.370065045,0.769528627,0.321612542,2.158748439,1,8,1276169,14.05937396,6.09375,0.548593939,1.730817671,0.263817918
D064S,27.36136,-90.568791,1200.17,264.9101759,Non-Impact,69.3,1.89,2.1,0.5,6.9,21.1,72,93.1,47.87378,2.737027027,28600,0.323,14.8,1190,1.17,0.422,34,13.7,33.1,27800,28.1,4530,0.11,48.8,0.161,0.824,76.9,13,62,2.907586446,0.83459744,2.140700167,0.86250661,8.505390735,5,8,869579,13.67576562,3.496629213,0.697009925,2.007740429,0.335190921
D067S,29.13935,-87.364935,1162,107.2509838,Non-Impact,74.3,3.11,0.92,0.5,4,,,96,0.00702,2.088108108,30800,0.764,16.2,303,1.41,0.214,37.8,24.6,24.2,26600,29.9,17000,0.0493,64.3,0.0607,0.735,74.8,12,85,2.475998985,0.814940696,2.025051554,0.845938375,7.576501531,4,10,1689914,14.34018879,5.923487544,0.587557044,1.79958673,0.255172782
D068S,28.7109,-88.748325,1172,37.4739133,Non-Impact,72.1,2.95,1.45,0.5,1.6,43.3,55,98.3,111.643,13.44432432,16300,0.445,16.3,349,1.13,0.165,21.5,6.66,10.8,17000,27.1,5360,0.062,20.7,0.0564,0.379,45,13,445,1.967834343,0.560798933,1.438420863,0.618574755,4.214036021,2,11,3678245,15.11794657,3.981743227,0.668707837,1.951713759,0.278872829
D069S,29.94961,-88.070383,1114,44.21326832,Non-Impact,69.1,2.91,0.884,0.5,4.5,,,95.4,9.34152,2.706216216,31500,0.289,5.46,518,1.08,0.27,38,11.1,25.1,28000,22.2,1870,0.058,38.7,0.0897,0.319,78.6,11,260,1.798340683,0.810023769,1.942352166,0.813335313,6.975138374,4,9,3415604,15.04386519,2.208888889,0.737549516,2.090805746,0.33567325
D070S,28.94961,-88.170375,1076.5,30.22620261,Non-Impact,70,1.85,0.783,0.5,4.2,49.1,46.5,95.6,15.76123,3.788648649,27300,0.309,10.3,385,1.06,0.121,32.9,10.4,21.5,26000,21.2,2410,0.0629,33.2,0.0513,0.392,68.5,10,255,1.624178299,0.841145183,1.93680836,0.832762081,6.936576551,4,11,2337679,14.66466954,4.742311771,0.60588693,1.832877121,0.252674475
D071S,29.13883,-87.848014,1089,67.2493629,Non-Impact,74.6,2.96,1.33,0.5,3.2,52.8,44,96.8,0.00655,1.860810811,28300,0.396,12.4,926,1.18,0.219,36.3,12.3,23.4,25500,28.4,6590,0.032,38.9,0.141,0.407,70.2,11,132,2.048004436,0.763376479,1.830496851,0.777816331,6.236984739,3,10,1755153,14.37806716,6.426987061,0.589224843,1.802590583,0.255897098
D072S,28.613457,-88.857355,1085,49.97509214,Non-Impact,60.1,2.43,2.23,0.5,2.1,45.8,52,97.8,37,4.894444444,26300,0.377,15.7,392,1.23,0.265,33.6,9.7,19.7,30800,27.5,1090,0.0541,28.5,0.103,0.444,66.6,6,97,1.092965222,0.598883236,1.073054709,0.535008591,2.924298752,1,8,1331307,14.10167248,7.350543478,0.512406064,1.669302817,0.246415229
D077S,28.96972,-88.313665,1005,26.16806324,Non-Impact,67.5,3.38,2.84,0.5,1.3,33.7,65,98.7,20.05708,5.458108108,30200,0.26,7.64,398,1.33,0.355,36.7,11.2,26.5,30200,27.7,1030,0.0578,38.1,0.0705,0.351,71.7,10,78,2.06577955,0.822672788,1.894274098,0.826506827,6.647721056,4,10,1906677,14.46087302,11.56571429,0.44304417,1.557441125,0.192411638
D084S,28.841695,-88.492019,931,16.82611728,Non-Impact,72.5,0.813,1.82,0.5,2.1,37.2,60.5,97.7,59.03167,7.895135135,23100,0.239,12,535,1.18,0.225,30,9.75,19.3,25100,25.2,2340,0.0375,26.4,0.0727,0.219,53.2,11,191,1.903937435,0.809095917,1.940127275,0.827721135,6.959636702,4,10,2365458,14.67648264,4.1866164,0.610265564,1.840920216,0.265034967
D085S,28.862904,-88.534614,841.5,21.49706407,Non-Impact,71.2,2.07,2.06,0.5,1.8,36.1,62,98.1,53.6913,10.57243243,22900,0.21,7.17,413,1.08,0.284,28,8.66,19,24000,21.4,1130,0.0296,26,0.0663,0.199,54.1,10,151,1.793800683,0.833924898,1.920183038,0.821633554,6.82220708,4,9,2283383,14.64116911,6.812041116,0.498157853,1.645686879,0.226721409
D089S,29.22209,-87.206868,793,125.051586,Non-Impact,75.6,4.32,1.16,0.5,2,40,58,98,0.0066,1.287567568,10900,0.289,5.4,97.4,0.797,0.152,13.8,4.39,8.23,9610,15.5,1220,0.0111,15.1,0.025,0.291,25.5,10,144,1.81093322,0.876699224,2.018674565,0.845765346,7.528339993,4,10,1181887,13.98262372,3.792618629,0.675490503,1.964996577,0.293361798
D090S,28.84206,-88.680481,759.6666667,32.79313841,Non-Impact,75.8,2.49,0.6,0.5,1.6,43.4,55,98.4,0.00596,10.69432432,28300,0.248,11.7,496,1.56,0.199,32.4,10.3,21.6,28600,26.8,1930,0.035,29.8,0.0645,0.363,63.4,12,136,2.239115154,0.79549704,1.976735884,0.830610022,7.219140377,4,12,2678187,14.800651,10.54275093,0.437109839,1.548226123,0.175905939
D094S,29.335197,-87.046351,668,144.571264,Non-Impact,72.1,2.57,2.8,0.5,4.5,43.5,52,95.5,0.00695,0.960540541,22500,0.315,7.12,184,1.23,0.179,27.5,8.96,17.1,18400,23.5,2960,0.0439,29.5,0.0384,0.362,48.9,8,44,1.84980159,0.846157132,1.75953429,0.806553911,5.809731115,3,10,848114,13.65077152,3.753026634,0.660327023,1.93542516,0.286776382
D100S,28.584492,-89.115628,464,75.23296234,Non-Impact,68.8,2.98,1.62,0.5,0.9,36.1,63,99.1,51.01748,8.657297297,27300,0.0952,15.9,373,1.25,0.22,32.6,9.86,18.8,30100,22.2,1240,0.0462,25.4,0.0425,0.328,60,13,288,2.119032976,0.732889127,1.879823495,0.795925281,6.55234824,4,14,4122295,15.23192085,5.753200569,0.587338588,1.799193641,0.222556206
D101SW,29.15693,-88.143321,460,51.24016799,Non-Impact,73,3.84,2.08,0.5,4.7,54.2,41,95.2,17.89759,3.910810811,25000,0.36,6.23,456,0.997,0.196,35.2,8,19,21400,21,741,0.027,25.9,0.044,0.209,53.2,13,467,1.95238483,0.728370157,1.868232566,0.806462582,6.47683889,4,6,4134501,15.23487744,6.391035549,0.533446922,1.704798501,0.297722396
FF003,28.87395,-88.756894,492.93,41.02002944,Non-Impact,64.7,3.12,1.96,0.5,1.4,64.1,34.5,98.6,40.0878,5.24027027,32700,0.339,21.5,580,1.21,0.176,42,12.5,22.8,35300,27.7,2340,0.0357,33.9,0.0416,0.39,75.8,12,392,1.842156699,0.760772576,1.890448833,0.814460567,6.622340337,4,10,3627316,15.10400381,3.255275347,0.740306221,2.096577432,0.321510907
FF005,28.807,-88.561,1003.1,20.51394092,Non-Impact,71,3.15,0.952,0.5,1.9,33,65,98,168.8743,24.9927027,27700,0.392,10.2,405,1.41,0.42,33.3,9.73,22,27700,29.2,2650,0.0411,32.2,0.123,0.333,68.6,11,80,2.282049114,0.91289897,2.189036125,0.885126582,8.926604833,5,11,2290959,14.6444815,6.923994039,0.503667121,1.654778431,0.210045504
FF010,28.668,-88.43,1355.75,9.978905705,Impact,69.7,2.04,0.764,0.5,1.8,33.2,65,98.2,334.90307,60.11621622,26700,0.865,23.2,315,1.86,0.485,35.9,13,24.3,27100,37.8,26000,0.097,46.5,0.045,0.85,72.7,8,67,1.664806594,0.453981209,0.944027384,0.394843962,2.570312236,1,7,2277069,14.63840009,11.38657407,0.348094485,1.416366069,0.178885179
FF013,28.204852,-89.056013,1213.39,89.77476135,Non-Impact,69.9,0.991,2.04,0.5,1.8,51.2,47,98.2,,,32900,1.1,26,1640,1.28,0.476,42,15.3,29.4,34500,31.7,26500,0.0788,51.5,0.0749,0.863,91.8,12,105,2.363578366,0.601630665,1.494996041,0.61043956,4.459318899,2,10,2254340,14.62836825,7.055384615,0.503080492,1.653807973,0.218485081
FFC4,27.460422,-89.779464,1456,198.3510994,Non-Impact,64.9,2.62,2.62,0.5,4.6,29.3,66,95.3,2.0899,2.290810811,29700,0.412,9.32,468,0.935,0.234,34.6,10.1,20.8,23200,20.4,2160,0.0556,32.2,0.0838,0.528,79.8,12,40,2.981935337,0.933353984,2.319297522,0.912820513,10.16852863,5,6,637243,13.36490791,4.541353383,0.614681642,1.84906784,0.343060356
FFC7,27.733039,-89.976969,1015.24,193.4058601,Non-Impact,71.2,2.74,2.18,0.5,4.4,48.5,47,95.5,6.75764,3.275675676,33400,0.517,10.8,644,1.09,0.299,37.8,10.3,18.1,26100,23.4,3600,0.0659,36.1,0.13,0.635,84.4,13,33,3.43199601,0.954765345,2.448924759,0.933712121,11.57589315,5,10,905356,13.71608462,2.799632353,0.777593737,2.17622938,0.337704669
FFMT2,28.447919,-89.671883,683.68,131.7263523,Non-Impact,62.3,1.73,1.38,0.5,7.6,29.4,63,92.4,64.52392,7.928648649,23500,0.407,22.7,364,1.63,0.179,30.2,8.9,15.5,24500,35.1,4480,0.0585,24.3,0.0726,0.425,60.4,9,124,1.659654087,0.758464245,1.666516281,0.763703121,5.293693894,3,8,3507360,15.07037446,9.403821656,0.429667547,1.536746543,0.206626413
FFMT3,28.218692,-89.491714,1002,124.3619426,Non-Impact,72.5,2.32,1.41,0.5,0.7,17.2,82,99.2,11.09042,3.324324324,34700,0.854,15.1,986,1.2,0.198,41.4,11,16.3,28800,24.9,8710,0.0596,34.3,0.0913,0.542,90.5,11,78,2.295310611,0.919675717,2.205286053,0.890775891,9.072846516,5,10,1573745,14.26896932,5.555153707,0.595409409,1.813773368,0.258583021
FFMT4,27.828322,-89.164775,1405,127.7010503,Non-Impact,70.1,2.38,1.82,0.5,4.6,27.3,68,95.3,0.00522,1.263513514,31700,0.325,11,442,1.03,0.215,35.6,10.1,19.5,26700,18,2260,0.121,34.7,0.0743,0.427,82.1,7,27,1.820478453,0.908961836,1.768758062,0.823361823,5.863566654,3,8,719318,13.48606021,7.640625,0.515779453,1.674943532,0.248037486
FFMT5,27.336322,-88.659344,2259,158.0066308,Non-Impact,51.2,1.39,1.24,0.5,2.4,33.5,64,97.5,0.00423,1.529459459,34400,0.448,11.7,154,1.27,0.176,41.6,11.2,21,31400,17.6,802,0.0335,30,0.0676,0.329,90.6,11,37,2.769378934,0.926327494,2.22123632,0.900900901,9.218721111,5,6,345980,12.75413914,2.064885496,0.748635088,2.114112468,0.417821198
FFMT6,26.999739,-87.996706,2767,196.0495279,Non-Impact,53.5,1.35,1.3,0.5,30.5,20.9,48.5,69.4,0.0044,0.677297297,20000,0.269,12.9,126,0.642,0.13,24.9,8.23,18.5,19000,10.9,987,0.0672,24.4,0.0213,0.261,64,8,10,3.040061373,0.973976032,2.025326221,0.955555556,7.578582833,4,5,220131,12.30198265,4.431578947,0.554995997,1.741934011,0.344838401
LBNL1,28.732,-88.3768,1577.64,1.256892148,Impact,66.7,2.51,0.61,0.5,2.7,47.2,50,97.2,2108.19889,143.3440541,26800,0.918,17.9,4110,1.37,0.407,34.8,11.6,25.2,26300,32,18100,0.0456,40.2,0.0846,0.859,70.1,6,60,1.221196683,0.773953157,1.386737898,0.705084746,4.001774541,2,5,8654967,15.97364405,77.71538462,0.098965426,1.104028128,0.061490676
LBNL10,28.415567,-88.704275,1402.39,48.71867557,Non-Impact,67.7,2.26,0.453,0.5,1.1,49.9,49,98.9,,,32200,0.404,17.7,301,1.22,0.164,38.9,12.3,24.7,29900,25.3,9960,0.0359,36.9,0.0512,0.413,84.1,9,201,1.508493315,0.442228492,0.97167531,0.404626866,2.642367539,1,9,2090610,14.55296693,4.922982885,0.582614809,1.790714692,0.265159427
LBNL11,28.345175,-88.778517,1437.72,59.38672816,Non-Impact,61.2,1.77,0.888,0.5,1,40,59,99,10.58333,2.825405405,35900,0.543,23.9,349,1.23,0.229,43.5,16.7,27.7,35000,23,7280,0.0543,45.4,0.0299,0.628,89.8,8,49,1.798644198,0.612254196,1.27314681,0.56292517,3.572075539,2,9,842221,13.64379892,2.624768946,0.701508831,2.016793413,0.319270428
LBNL13,28.447056,-88.759342,1327.837857,50.21270529,Non-Impact,64.6,1.58,0.524,0.5,1,48.5,50.5,99,,,28200,0.222,10.6,314,0.931,0.118,36.1,9.06,19.1,27600,18.3,2670,0.0474,27.4,0.0446,0.274,68.7,10,328,1.553595522,0.449543841,1.035112947,0.431770717,2.815424212,1,10,2187838,14.59842486,2.823664122,0.757273853,2.132454903,0.328879856
LBNL14,28.730175,-88.416986,1535,5.058990348,Impact,72.2,2.79,0.738,0.5,1.7,58.8,39.5,98.3,180.49577,28.40135135,30600,0.846,14.4,553,1.18,0.246,39.2,12.1,24.8,30200,24,17800,0.0465,42.3,0.0506,0.615,83,9,202,1.507082999,0.582140076,1.279092482,0.564060884,3.593377191,2,9,3901322,15.17682628,6.163806552,0.459908826,1.583929565,0.209313527
LBNL17,28.696767,-88.384875,1595,4.906959379,Non-Impact,71.5,2.41,1.18,0.5,3.7,40.9,55,95.9,77.82212,6.664594595,32200,1.8,19.7,395,1.95,0.228,38.2,15.1,25.6,30100,32.5,23600,0.0707,47.1,0.0706,1.06,81.1,11,100,2.17147241,0.829443787,1.988919336,0.835555556,7.307632395,4,7,2397446,14.68991498,5.62279671,0.490065487,1.632423119,0.251843841
LBNL3,28.705231,-88.401672,1585,5.046516156,Impact,71.4,2.42,1.37,0.5,1.9,24,74,98,44.63454,9.507837838,39300,1.27,14.4,702,1.32,0.25,47.6,12.7,22.8,31700,24.1,16900,0.0575,41.4,0.0593,0.667,97.5,8,68,1.658961303,0.659206006,1.370780354,0.647058824,3.938422862,2,9,3469479,15.05951528,16.09185804,0.269769373,1.309662372,0.122777333
LBNL4,28.688081,-88.418439,1422.23,7.553877605,Non-Impact,70.4,2.54,0.983,0.5,2.1,55.9,42,97.9,183.28622,20.11783784,32600,0.818,12.4,439,1.22,0.192,38.6,10.9,24.6,28800,25.6,10100,0.0381,40.1,0.0419,0.427,84.5,6,303,0.875084672,0.597662976,1.070868296,0.501409744,2.917912011,1,7,2814137,14.85016656,1.397735573,0.765572846,2.15022577,0.393426616
LBNL5,28.672508,-88.435906,1350,9.980373194,Non-Impact,69.4,3.07,1.26,0.5,1.6,20.3,78,98.3,358.20257,50.89891892,34800,1.44,19.9,394,2.16,0.16,39.8,13.1,27.9,33300,36.7,12300,0.0371,45.5,0.0386,0.735,85.2,10,63,2.172268245,0.581286109,1.338460729,0.578084997,3.813169486,2,7,2932831,14.89147907,19.47916667,0.268170585,1.307570172,0.137812419
LBNL7,28.639167,-88.471294,1577,15.04226241,Impact,70.9,2.03,1.17,0.5,2.3,32.7,65,97.7,65.01865,9.024054054,29000,0.797,24.6,863,1.51,0.356,40.1,15,27.4,29500,37.9,31700,0.0348,51.7,0.0505,0.6,78.5,8,111,1.486347831,0.429739089,0.893617313,0.38984439,2.443954228,1,7,2890320,14.87687813,8.810419682,0.403188293,1.496588663,0.207197796
LBNL8,28.575208,-88.537842,1577.91,24.66537723,Non-Impact,72.2,1.91,0.55,0.5,3,,,96.9,,,30900,0.735,15.5,405,1.15,0.248,37,12.3,26,26400,20.3,16100,0.0396,42.5,0.0329,0.664,81.7,10,260,1.618506614,0.635965483,1.464364641,0.7004752,4.324794572,2,10,3258187,14.99668177,3.694153846,0.601613971,1.825062022,0.261277628
LBNL9,28.514144,-88.600569,1515.83,33.80190934,Non-Impact,65.5,1.81,0.581,0.5,1.4,58.6,40,98.6,,,27400,0.301,13.9,317,1.11,0.214,36.1,9.68,18.9,27600,23.4,6540,0.0452,28.4,0.07,0.474,69.6,8,697,1.069227042,0.413031771,0.858875423,0.534000396,2.36050463,1,6,2760683,14.83098903,0.995977204,0.947390043,2.578969867,0.52874845
NF006MOD,28.745081,-88.3594,1517.29,1.00181607,Impact,71.8,2.58,1.13,0.5,5.8,54.1,40,94.1,3095.4161,573.6197297,26900,0.963,21,789,1.64,0.329,34.1,10.5,24.1,26900,37.3,15200,0.0578,38.8,0.0522,0.633,70.2,7,37,1.66162736,0.502000254,0.976847389,0.427927928,2.656069475,1,6,3246402,14.99305817,108.5428571,0.089341084,1.093453553,0.049862209
NF008,28.720005,-88.38844,1585,2.975864538,Impact,70.9,1.95,1.63,0.5,3.7,45.6,50.5,96.1,102.54536,10.00648649,36000,1.97,25.3,1100,1.68,0.355,46,18.6,31.6,34700,29.5,53200,0.0889,69.9,0.079,1.58,107,14,98,2.835352717,0.645270055,1.702904669,0.751104566,5.489870511,3,8,4699769,15.36302413,14.43888889,0.273619925,1.314715017,0.13158337
NF009,28.738219,-88.39737,1489,3.064629116,Impact,71.2,2.63,1.42,0.5,2.4,60.9,36.5,97.4,288.68881,58.0672973,34900,1.26,12.7,755,1.29,0.338,40.2,12.3,25.7,31400,24.4,15600,0.0718,43.6,0.0494,0.776,88,5,152,0.796197279,0.552039499,0.8884733,0.437870338,2.431414774,1,5,4363049,15.28868191,16.1345515,0.256037635,1.291801344,0.159085127
NF010,28.757164,-88.388669,1439,3.056170853,Impact,68.1,2.21,1.43,0.5,1.7,32.3,66,98.3,148.13309,19.4772973,39000,1.44,12.5,323,1.72,0.198,43.8,13,28.6,34300,31.9,7350,0.0674,44.3,0.0478,0.691,98.1,10,128,1.854893624,0.453394237,1.043978811,0.4375,2.840496358,1,10,4778478,15.37963285,25.97368421,0.208827329,1.232232209,0.090692557
NF011,28.765306,-88.366883,1449,3.009881027,Impact,71.3,2.16,1.74,0.5,3.3,21.7,75,96.7,257.9249,40.20864865,39900,1.28,13.1,586,1.66,0.233,45,13.5,30.4,36000,29.6,13400,0.0805,48.6,0.0616,0.621,98,6,89,1.113924049,0.399838436,0.716414303,0.359805924,2.047079827,1,8,4312121,15.27694068,28.46242775,0.185016112,1.203237827,0.088973943
NF012,28.757853,-88.344461,1520,3.031260964,Impact,71,2.61,1.15,0.5,2.1,24.2,73.5,97.7,64.26034,9.140810811,37500,1.63,15.9,627,2.05,0.198,42.4,11.6,29.1,34500,33.4,10100,0.0557,43.2,0.0534,0.812,91.8,10,68,2.132950247,0.66321167,1.527101306,0.669446883,4.604809523,2,8,4975880,15.420113,33.85798817,0.156023756,1.16885397,0.075031566
NF013,28.73879,-88.33562,1567,2.968230095,Impact,70.4,2.92,0.928,0.5,1.5,38.5,60,98.5,185.18234,48.68135135,31400,1.63,19.4,490,1.76,0.172,36.8,12.1,25,27500,32.4,19200,0.0746,43.8,0.0459,0.827,77.7,12,90,2.444547838,0.73884018,1.835948877,0.738327091,6.271081806,3,9,2337679,14.66466954,8.250847458,0.448447994,1.565880044,0.204097478
NF014,28.7196,-88.3447,1579,2.925522459,Non-Impact,73.2,2.93,1.66,0.5,2,39.9,58,97.9,128.20699,22.18054054,38300,2.09,26.6,666,1.87,0.289,45.6,16,31.4,33700,33.1,32800,0.0768,62.2,0.0414,1.53,99.6,12,149,2.198264995,0.86527281,2.150122159,0.8419191,8.585907175,5,9,2579275,14.7630193,5.848519362,0.530153851,1.699193711,0.241283416
